<?xml version="1.0" encoding="UTF-8"?>
<character
name="pixie"
image="portrait.png"
hardshape="10 10 10 10"
creator=""
weight="1"
auto-reverse="True"
age=""
Description=""
shield_center="20 40"
>
    <movement name="hit"
    duration="300"
    repeat="0"
    >
        <frame
        time="0"
        image="hit1.png"
        hardshape="10 0 25 63"
        >
            <agressiv-point
            coords="33,25"
            vector="128,-14"
            ></agressiv-point>
        </frame>
        <frame
        time="150"
        image="hit2.png"
        hardshape="10 0 21 63"
        >
            <agressiv-point
            coords="36,22"
            vector="86,-38"
            ></agressiv-point>
	</frame>
    </movement>
    <movement name="walk"
    duration="600"
    repeat="-1"
    >
        <frame
        time="0"
        image="walk1.png"
        hardshape="7 0 19 62"
        />
        <frame
        time="150"
        image="walk2.png"
        hardshape="10 2 19 62"
        />
        <frame
        time="300"
        image="walk3.png"
        hardshape="7 0 19 62"
        />
        <frame
        time="450"
        image="walk4.png"
        hardshape="10 2 19 62"
        />
    </movement>
    <movement name="scnd-jump"
    duration="10000"
    repeat="0"
    >
        <event
        period="350,0"
        action="PlayerStaticOnGround"
        ></event>
        <vector
        time="200"
        vector="0,1200"
        ></vector>
	<frame
	time="0"
	image="second-jump1.png"
        hardshape="10 8 23 54"
	/>
	<frame
	time="150"
	image="second-jump2.png"
        hardshape="15 8 23 54"
	/>
	<frame
	time="300"
	image="jump2.png"
        hardshape="10 5 23 54"
	/>
	<frame
	time="450"
	image="second-jump3.png"
        hardshape="3 5 23 54"
	/>
	<frame
	time="600"
	image="jump3.png"
        hardshape="10 10 23 58"
	/>
	<frame
	time="750"
	image="second-jump1.png"
        hardshape="10 8 23 54"
	/>
    </movement>
    <movement name="jump"
    duration="10000"
    repeat="0"
    >
        <event
        period="350,0"
        action="PlayerStaticOnGround"
        ></event>
        <vector
        time="200"
        vector="0,1500"
        ></vector>
        <frame
        time="0"
        image="jump1.png"
        hardshape="5 12 23 59"
        />
        <frame
        time="150"
        image="jump2.png"
        hardshape="10 5 23 54"
        />
        <frame
        time="300"
        image="jump3.png"
        hardshape="10 10 23 58"
        />
    </movement>
    <movement name="static"
    duration="150"
    repeat="-1"
    >
        <frame
        time="0"
        image="static1.png"
        hardshape="10 2 18 60"
        />
    </movement>
    <movement name="take"
    duration="150"
    repeat="0"
    >
        <frame
        time="0"
        image="take1.png"
        hardshape="0 0 30 59"
        />
    </movement>
    <movement name="pick"
    duration="300"
    repeat="0"
    >
        <frame
        time="0"
        image="pick1.png"
        hardshape="10 0 17 62"
        />
        <frame
        time="150"
        image="pick2.png"
        hardshape="10 0 25 56"
        />
    </movement>
    <movement name="smash-up"
    duration="300"
    repeat="0"
    >
        <frame
        time="0"
        image="smash-up1.png"
        hardshape="10 0 20 62"
        >
            <agressiv-point
            coords="24,40"
            vector="42,-154"
            ></agressiv-point>
            <agressiv-point
            coords="31,50"
            vector="76,-168"
            ></agressiv-point>
            <agressiv-point
            coords="33,23"
            vector="54,-142"
            ></agressiv-point>
        </frame>
        <frame
        time="150"
        image="smash-up2.png"
        hardshape="10 0 18 62"
        >
            <agressiv-point
            coords="26,42"
            vector="142,-50"
            ></agressiv-point>
            <agressiv-point
            coords="33,14"
            vector="54,-142"
            ></agressiv-point>
	</frame>
    </movement>
    <movement name="smash-up-jumping"
    duration="10000"
    repeat="0"
    >
        <event
        period="350,0"
        action="PlayerStaticOnGround"
        ></event>
        <vector
        time="100"
        vector="100,1200"
        ></vector>
        <frame
        time="0"
        image="smash-up1.png"
        hardshape="10 0 20 62"
        >
            <agressiv-point
            coords="24,40"
            vector="42,-154"
            ></agressiv-point>
            <agressiv-point
            coords="31,50"
            vector="76,-168"
            ></agressiv-point>
            <agressiv-point
            coords="33,23"
            vector="54,-142"
            ></agressiv-point>
        </frame>
        <frame
        time="150"
        image="smash-up2.png"
        hardshape="10 0 18 62"
        >
            <agressiv-point
            coords="26,42"
            vector="142,-50"
            ></agressiv-point>
            <agressiv-point
            coords="33,14"
            vector="54,-142"
            ></agressiv-point>
	</frame>
    </movement>
    <movement name="kick"
    duration="150"
    repeat="0"
    >
        <frame
        time="0"
        image="kick1.png"
        hardshape="12 0 19 63"
        >
            <agressiv-point
            coords="37,44"
            vector="94,-148"
            ></agressiv-point>
	</frame>
    </movement>
    <movement name="roll"
    duration="600"
    repeat="0"
    >
        <frame
        time="0"
        image="roll1.png"
        hardshape="0 0 43 62"
        />
        <frame
        time="150"
        image="roll2.png"
        hardshape="0 0 64 33"
        />
        <frame
        time="300"
        image="roll3.png"
        hardshape="0 0 35 58"
        />
        <frame
        time="450"
        image="roll4.png"
        hardshape="0 0 60 33"
        />
    </movement>
    <movement name="specialhit"
    duration="750"
    repeat="0"
    >
	<vector
        time="50"
        vector="350,0"
        ></vector>
	<vector
        time="350"
        vector="350,0"
        ></vector>
        <frame
        time="0"
        image="special1.png"
        hardshape="0 0 30 59"
        />
        <frame
        time="150"
        image="special2.png"
        hardshape="0 0 68 41"
        />
        <frame
        time="300"
        image="special3.png"
        hardshape="0 0 50 71"
        >
            <agressiv-point
            coords="41,22"
            vector="154,-32"
            ></agressiv-point>
            <agressiv-point
            coords="23,1"
            vector="128,-24"
            ></agressiv-point>
	</frame>
        <frame
        time="450"
        image="special4.png"
        hardshape="0 0 60 57"
        >
            <agressiv-point
            coords="53,33"
            vector="152,-20"
            ></agressiv-point>
	</frame>
        <frame
        time="600"
        image="special5.png"
        hardshape="0 0 35 61"
        >
            <agressiv-point
            coords="30,9"
            vector="124,-8"
            ></agressiv-point>
	</frame>
    </movement>
    <movement name="smash-straight"
    duration="400"
    repeat="0"
    >
        <vector
        time="100"
        vector="100,0"
        ></vector>
        <frame
        time="0"
        image="hit1.png"
        hardshape="10 0 25 63"
        >
            <agressiv-point
            coords="33,25"
            vector="128,-14"
            ></agressiv-point>
        </frame>
        <frame
        time="100"
        image="hit2.png"
        hardshape="10 0 21 63"
        >
            <agressiv-point
            coords="36,22"
            vector="86,-38"
            ></agressiv-point>
	</frame>
        <frame
        time="200"
        image="smash-straight1.png"
        hardshape="10 0 14 62"
        >
            <agressiv-point
            coords="27,30"
            vector="170,0"
            ></agressiv-point>
            
            <agressiv-point
            coords="31,12"
            vector="170,-60"
            ></agressiv-point>
	</frame>

    </movement>
    <movement name="hit_upgraded"
    duration="300"
    repeat="0"
    >
        <frame
        time="0"
        image="hit1-upgraded.png"
        hardshape="10 0 25 63"
        >
            <agressiv-point
            coords="33,25"
            vector="128,-14"
            ></agressiv-point>
        </frame>
        <frame
        time="150"
        image="hit2-upgraded.png"
        hardshape="10 0 21 63"
        >
            <agressiv-point
            coords="36,22"
            vector="86,-38"
            ></agressiv-point>
	</frame>
    </movement>
    <movement name="walk_upgraded"
    duration="600"
    repeat="-1"
    >
        <frame
        time="0"
        image="walk1-upgraded.png"
        hardshape="7 0 19 62"
        />
        <frame
        time="150"
        image="walk2-upgraded.png"
        hardshape="10 2 19 62"
        />
        <frame
        time="300"
        image="walk3-upgraded.png"
        hardshape="7 0 19 62"
        />
        <frame
        time="450"
        image="walk4-upgraded.png"
        hardshape="10 2 19 62"
        />
    </movement>
    <movement name="scnd-jump_upgraded"
    duration="10000"
    repeat="0"
    >
        <event
        period="350,0"
        action="PlayerStaticOnGround"
        ></event>
        <vector
        time="200"
        vector="0,1200"
        ></vector>
	<frame
	time="0"
	image="second-jump1-upgraded.png"
        hardshape="10 8 23 54"
	/>
	<frame
	time="150"
	image="second-jump2-upgraded.png"
        hardshape="15 8 23 54"
	/>
	<frame
	time="300"
	image="jump2-upgraded.png"
        hardshape="10 5 23 54"
	/>
	<frame
	time="450"
	image="second-jump3-upgraded.png"
        hardshape="3 5 23 54"
	/>
	<frame
	time="600"
	image="jump3-upgraded.png"
        hardshape="10 10 23 58"
	/>
	<frame
	time="750"
	image="second-jump1-upgraded.png"
        hardshape="10 8 23 54"
	/>
    </movement>
    <movement name="jump_upgraded"
    duration="10000"
    repeat="0"
    >
        <event
        period="350,0"
        action="PlayerStaticOnGround"
        ></event>
        <vector
        time="200"
        vector="0,1500"
        ></vector>
        <frame
        time="0"
        image="jump1-upgraded.png"
        hardshape="5 12 23 59"
        />
        <frame
        time="150"
        image="jump2-upgraded.png"
        hardshape="10 5 23 54"
        />
        <frame
        time="300"
        image="jump3-upgraded.png"
        hardshape="10 10 23 58"
        />
    </movement>
    <movement name="static_upgraded"
    duration="150"
    repeat="-1"
    >
        <frame
        time="0"
        image="static1-upgraded.png"
        hardshape="10 2 18 60"
        />
    </movement>
    <movement name="take_upgraded"
    duration="150"
    repeat="0"
    >
        <frame
        time="0"
        image="take1-upgraded.png"
        hardshape="0 0 30 59"
        />
    </movement>
    <movement name="pick_upgraded"
    duration="300"
    repeat="0"
    >
        <frame
        time="0"
        image="pick1-upgraded.png"
        hardshape="10 0 17 62"
        />
        <frame
        time="150"
        image="pick2-upgraded.png"
        hardshape="10 0 25 56"
        />
    </movement>
    <movement name="smash-up_upgraded"
    duration="300"
    repeat="0"
    >
        <frame
        time="0"
        image="smash-up1-upgraded.png"
        hardshape="10 0 20 62"
        >
            <agressiv-point
            coords="24,40"
            vector="42,-154"
            ></agressiv-point>
            <agressiv-point
            coords="31,50"
            vector="76,-168"
            ></agressiv-point>
            <agressiv-point
            coords="33,23"
            vector="54,-142"
            ></agressiv-point>
        </frame>
        <frame
        time="150"
        image="smash-up2-upgraded.png"
        hardshape="10 0 18 62"
        >
            <agressiv-point
            coords="26,42"
            vector="142,-50"
            ></agressiv-point>
            <agressiv-point
            coords="33,14"
            vector="54,-142"
            ></agressiv-point>
	</frame>
    </movement>
    <movement name="smash-up-jumping_upgraded"
    duration="10000"
    repeat="0"
    >
        <event
        period="350,0"
        action="PlayerStaticOnGround"
        ></event>
        <vector
        time="100"
        vector="100,1200"
        ></vector>
        <frame
        time="0"
        image="smash-up1-upgraded.png"
        hardshape="10 0 20 62"
        >
            <agressiv-point
            coords="24,40"
            vector="42,-154"
            ></agressiv-point>
            <agressiv-point
            coords="31,50"
            vector="76,-168"
            ></agressiv-point>
            <agressiv-point
            coords="33,23"
            vector="54,-142"
            ></agressiv-point>
        </frame>
        <frame
        time="150"
        image="smash-up2-upgraded.png"
        hardshape="10 0 18 62"
        >
            <agressiv-point
            coords="26,42"
            vector="142,-50"
            ></agressiv-point>
            <agressiv-point
            coords="33,14"
            vector="54,-142"
            ></agressiv-point>
	</frame>
    </movement>
    <movement name="kick_upgraded"
    duration="150"
    repeat="0"
    >
        <frame
        time="0"
        image="kick1-upgraded.png"
        hardshape="12 0 19 63"
        >
            <agressiv-point
            coords="37,44"
            vector="94,-148"
            ></agressiv-point>
	</frame>
    </movement>
    <movement name="roll_upgraded"
    duration="600"
    repeat="0"
    >
        <frame
        time="0"
        image="roll1-upgraded.png"
        hardshape="0 0 43 62"
        />
        <frame
        time="150"
        image="roll2-upgraded.png"
        hardshape="0 0 64 33"
        />
        <frame
        time="300"
        image="roll3-upgraded.png"
        hardshape="0 0 35 58"
        />
        <frame
        time="450"
        image="roll4-upgraded.png"
        hardshape="0 0 60 33"
        />
    </movement>
    <movement name="specialhit_upgraded"
    duration="750"
    repeat="0"
    >
	<vector
        time="50"
        vector="350,0"
        ></vector>
	<vector
        time="350"
        vector="350,0"
        ></vector>
        <frame
        time="0"
        image="special1-upgraded.png"
        hardshape="0 0 30 59"
        />
        <frame
        time="150"
        image="special2-upgraded.png"
        hardshape="0 0 68 41"
        />
        <frame
        time="300"
        image="special3-upgraded.png"
        hardshape="0 0 50 71"
        >
            <agressiv-point
            coords="41,22"
            vector="154,-32"
            ></agressiv-point>
            <agressiv-point
            coords="23,1"
            vector="128,-24"
            ></agressiv-point>
	</frame>
        <frame
        time="450"
        image="special4-upgraded.png"
        hardshape="0 0 60 57"
        >
            <agressiv-point
            coords="53,33"
            vector="152,-20"
            ></agressiv-point>
	</frame>
        <frame
        time="600"
        image="special5-upgraded.png"
        hardshape="0 0 35 61"
        >
            <agressiv-point
            coords="30,9"
            vector="124,-8"
            ></agressiv-point>
	</frame>
    </movement>
    <movement name="smash-straight_upgraded"
    duration="400"
    repeat="0"
    >
        <vector
        time="100"
        vector="100,0"
        ></vector>
        <frame
        time="0"
        image="hit1-upgraded.png"
        hardshape="10 0 25 63"
        >
            <agressiv-point
            coords="33,25"
            vector="128,-14"
            ></agressiv-point>
        </frame>
        <frame
        time="100"
        image="hit2-upgraded.png"
        hardshape="10 0 21 63"
        >
            <agressiv-point
            coords="36,22"
            vector="86,-38"
            ></agressiv-point>
	</frame>
        <frame
        time="200"
        image="smash-straight1-upgraded.png"
        hardshape="10 0 14 62"
        >
            <agressiv-point
            coords="27,30"
            vector="170,0"
            ></agressiv-point>
            
            <agressiv-point
            coords="31,12"
            vector="170,-60"
            ></agressiv-point>
	</frame>

    </movement>
</character>
